Workbook

Sheet 7-Day Plan
A1: # | B1: Day | C1: Theme | D1: Phase | E1: Task | F1: Deliverable | G1: Owner | H1: Status | I1: Start Date | J1: End Date | K1: Notes
A2: 1 | B2: 1 | C2: Foundation & Infrastructure | D2: Foundation | E2: Unify the two repos into zatca-middleware-dev | F2: Single Next.js + Supabase app, builds green | G2: Claude | H2: Done | K2: Pushed
A3: 2 | B3: 1 | C3: Foundation & Infrastructure | D3: Foundation | E3: Supabase schema + migrations + RLS | F3: 10 tables, tenant isolation | G3: Claude | H3: Done | K3: migrations 001-003
A4: 3 | B4: 1 | C4: Foundation & Infrastructure | D4: Foundation | E4: Google authentication (Supabase Auth) + sessions | F4: Login works end-to-end | G4: Claude | H4: Done | K4: verified
A5: 4 | B5: 1 | C5: Foundation & Infrastructure | D5: Foundation | E5: Multi-tenant isolation + tenant bootstrap | F5: Org + membership on first login | G5: Claude | H5: Done | K5: DB-verified
A6: 5 | B6: 1 | C6: Foundation & Infrastructure | D6: Foundation | E6: Secret encryption (AES-256-GCM) | F6: Credentials/keys encrypted at rest | G6: Claude | H6: Done
A7: 6 | B7: 1 | C7: Foundation & Infrastructure | D7: Foundation | E7: Env config + ZATCA env resolver (Demo/Real) | F7: Configurable endpoints | G7: Claude | H7: Done
A8: 7 | B8: 2 | C8: ZATCA Core & Onboarding | D8: ZATCA Core | E8: Consolidate shared core (UBL XML, signing, QR) | F8: Proven core in unified app | G8: Claude | H8: Done | K8: from tested repos
A9: 8 | B9: 2 | C9: ZATCA Core & Onboarding | D9: ZATCA Core | E9: Wire onboarding (CSR -> compliance -> production) per tenant | F9: Run onboarding per tenant | G9: Claude | H9: Done | K9: simulation, OTP 123456
A10: 9 | B10: 2 | C10: ZATCA Core & Onboarding | D10: ZATCA Core | E10: Fix production CSID (real cert, not placeholder) | F10: Valid production CSID | G10: Claude | H10: To Do | K10: audit finding
A11: 10 | B11: 2 | C11: ZATCA Core & Onboarding | D11: ZATCA Core | E11: Validate core vs local ZATCA SDK (hash/sign) | F11: Byte-match SDK reference | G11: Claude | H11: To Do | K11: correctness gate
A12: 11 | B12: 2 | C12: ZATCA Core & Onboarding | D12: ZATCA Core | E12: Demo <-> Real environment switching | F12: Per-tenant environment | G12: Claude | H12: In Progress
A13: 12 | B13: 3 | C13: Adapters & Async Pipeline | D13: Adapters | E13: Odoo adapter (JSON-RPC + webhook + write-back) | F13: Odoo end-to-end | G13: Claude | H13: Done | K13: ported in
A14: 13 | B14: 3 | C14: Adapters & Async Pipeline | D14: Adapters | E14: Zoho adapter (OAuth + webhook + write-back) | F14: Zoho end-to-end | G14: Claude | H14: Done
A15: 14 | B15: 3 | C15: Adapters & Async Pipeline | D15: Adapters | E15: Real connection test + field provisioning | F15: No fake 'connected' states | G15: Claude | H15: Done
A16: 15 | B16: 3 | C16: Adapters & Async Pipeline | D16: Pipeline | E16: Async jobs queue + /api/worker + retry/idempotency | F16: Reliable async clearance | G16: Claude | H16: To Do | K16: Doc 05 design
A17: 16 | B17: 3 | C17: Adapters & Async Pipeline | D17: Pipeline | E17: Verify invoice -> clearance -> write-back (simulation) | F17: Cleared invoice persists | G17: Claude | H17: In Progress | K17: needs migration 003
A18: 17 | B18: 4 | C18: Application Surfaces (UX) | D18: UX | E18: Navigable onboarding journey (clickable steps) | F18: No dead-ends | G18: Claude | H18: Done
A19: 18 | B19: 4 | C19: Application Surfaces (UX) | D19: UX | E19: Business profile (seller identity) | F19: Saves to organization | G19: Claude | H19: Done
A20: 19 | B20: 4 | C20: Application Surfaces (UX) | D20: UX | E20: Invoices list + detail (real tenant data) | F20: Real invoices shown | G20: Claude | H20: Done
A21: 20 | B21: 4 | C21: Application Surfaces (UX) | D21: UX | E21: Dashboard: real KPIs + recent invoices | F21: Live dashboard | G21: Claude | H21: To Do
A22: 21 | B22: 4 | C22: Application Surfaces (UX) | D22: UX | E22: Settings: connection / API keys / team | F22: 3 settings screens | G22: Claude | H22: To Do
A23: 22 | B23: 4 | C23: Application Surfaces (UX) | D23: UX | E23: Remove old/dead pages (bank, register, admin) | F23: One clean design + data model | G23: Claude | H23: To Do | K23: cleanup
A24: 23 | B24: 5 | C24: Notifications, Go-Live & Admin | D24: Notifications | E24: Email alerts (Resend): failures + CSID expiry | F24: Tenants notified | G24: Claude | H24: To Do
A25: 24 | B25: 5 | C25: Notifications, Go-Live & Admin | D25: Go-Live | E25: Demo -> Real (production onboarding) flow | F25: Switch a tenant to live | G25: Claude | H25: To Do
A26: 25 | B26: 5 | C26: Notifications, Go-Live & Admin | D26: Reliability | E26: CSID expiry tracking + warnings | F26: Warn at 30/14/3 days | G26: Claude | H26: To Do
A27: 26 | B27: 5 | C27: Notifications, Go-Live & Admin | D27: Admin | E27: CBT admin console (cross-tenant support) | F27: Internal support view | G27: Claude | H27: To Do
A28: 27 | B28: 5 | C28: Notifications, Go-Live & Admin | D28: Docs | E28: API docs page (Mode B) + self-serve guides | F28: Customer-facing docs | G28: Claude | H28: To Do
A29: 28 | B29: 6 | C29: Testing & QA | D29: Testing | E29: Unit tests (crypto / xml / qr / validation) | F29: Green unit suite (~90%) | G29: Claude | H29: To Do
A30: 29 | B30: 6 | C30: Testing & QA | D30: Testing | E30: Integration tests (adapters / queue / write-back) | F30: Green integration suite | G30: Claude | H30: To Do
A31: 30 | B31: 6 | C31: Testing & QA | D31: Testing | E31: E2E tests (Playwright: onboarding -> invoice) | F31: Critical journeys covered | G31: Claude | H31: To Do
A32: 31 | B32: 6 | C32: Testing & QA | D32: Testing | E32: Compliance validation vs SDK (clear/report/notes) | F32: Compliance proven | G32: Claude | H32: To Do
A33: 32 | B33: 6 | C33: Testing & QA | D33: Security | E33: Security pass (RLS isolation, secrets, rate-limit) | F33: Hardened | G33: Claude | H33: To Do
A34: 33 | B34: 6 | C34: Testing & QA | D34: Testing | E34: Bug triage + fixes | F34: Stable build | G34: Claude | H34: To Do
A35: 34 | B35: 7 | C35: Hardening, Deploy & Launch | D35: Deploy | E35: Vercel production deploy + env vars | F35: Live public URL | G35: Claude + User | H35: To Do | K35: user provides Vercel
A36: 35 | B36: 7 | C36: Hardening, Deploy & Launch | D36: Deploy | E36: Update Google/Supabase redirect URLs to live domain | F36: Auth works in production | G36: Claude + User | H36: To Do
A37: 36 | B37: 7 | C37: Hardening, Deploy & Launch | D37: Deploy | E37: Smoke tests + monitoring/logging | F37: Verified production | G37: Claude | H37: To Do
A38: 37 | B38: 7 | C38: Hardening, Deploy & Launch | D38: Launch | E38: Documentation + demo walkthrough | F38: Handoff package | G38: Claude | H38: To Do
A39: 38 | B39: 7 | C39: Hardening, Deploy & Launch | D39: Launch | E39: UAT vs real ZATCA env + production cutover | F39: Go-live readiness | G39: User + ZATCA | H39: To Do | K39: external dependency
A40: 39 | B40: 7 | C40: Hardening, Deploy & Launch | D40: Launch | E40: Marketing: SEO/AEO on CBT website (parallel) | F40: Discoverable product | G40: User | H40: To Do | K40: GTM

Sheet Status Summary
A1: ZATCA Compliance Middleware — 7-Day Plan to Production
A2: Convergent BT · Demo build on ZATCA simulation, then UAT, then Production
A4: Overall
A5: Total tasks | B5: =COUNTA('7-Day Plan'!E2:E40)
A6: Done | B6: =COUNTIF('7-Day Plan'!H2:H40,"Done")
A7: In Progress | B7: =COUNTIF('7-Day Plan'!H2:H40,"In Progress")
A8: To Do | B8: =COUNTIF('7-Day Plan'!H2:H40,"To Do")
A9: % Complete | B9: =ROUND(COUNTIF('7-Day Plan'!H2:H40,"Done")/COUNTA('7-Day Plan'!E2:E40),3)
A12: Day | B12: Theme | C12: Tasks | D12: Done | E12: In Prog. | F12: To Do
A13: 1 | B13: Foundation & Infrastructure | C13: =COUNTIFS('7-Day Plan'!B2:B40,1) | D13: =COUNTIFS('7-Day Plan'!B2:B40,1,'7-Day Plan'!H2:H40,"Done") | E13: =COUNTIFS('7-Day Plan'!B2:B40,1,'7-Day Plan'!H2:H40,"In Progress") | F13: =COUNTIFS('7-Day Plan'!B2:B40,1,'7-Day Plan'!H2:H40,"To Do")
A14: 2 | B14: ZATCA Core & Onboarding | C14: =COUNTIFS('7-Day Plan'!B2:B40,2) | D14: =COUNTIFS('7-Day Plan'!B2:B40,2,'7-Day Plan'!H2:H40,"Done") | E14: =COUNTIFS('7-Day Plan'!B2:B40,2,'7-Day Plan'!H2:H40,"In Progress") | F14: =COUNTIFS('7-Day Plan'!B2:B40,2,'7-Day Plan'!H2:H40,"To Do")
A15: 3 | B15: Adapters & Async Pipeline | C15: =COUNTIFS('7-Day Plan'!B2:B40,3) | D15: =COUNTIFS('7-Day Plan'!B2:B40,3,'7-Day Plan'!H2:H40,"Done") | E15: =COUNTIFS('7-Day Plan'!B2:B40,3,'7-Day Plan'!H2:H40,"In Progress") | F15: =COUNTIFS('7-Day Plan'!B2:B40,3,'7-Day Plan'!H2:H40,"To Do")
A16: 4 | B16: Application Surfaces (UX) | C16: =COUNTIFS('7-Day Plan'!B2:B40,4) | D16: =COUNTIFS('7-Day Plan'!B2:B40,4,'7-Day Plan'!H2:H40,"Done") | E16: =COUNTIFS('7-Day Plan'!B2:B40,4,'7-Day Plan'!H2:H40,"In Progress") | F16: =COUNTIFS('7-Day Plan'!B2:B40,4,'7-Day Plan'!H2:H40,"To Do")
A17: 5 | B17: Notifications, Go-Live & Admin | C17: =COUNTIFS('7-Day Plan'!B2:B40,5) | D17: =COUNTIFS('7-Day Plan'!B2:B40,5,'7-Day Plan'!H2:H40,"Done") | E17: =COUNTIFS('7-Day Plan'!B2:B40,5,'7-Day Plan'!H2:H40,"In Progress") | F17: =COUNTIFS('7-Day Plan'!B2:B40,5,'7-Day Plan'!H2:H40,"To Do")
A18: 6 | B18: Testing & QA | C18: =COUNTIFS('7-Day Plan'!B2:B40,6) | D18: =COUNTIFS('7-Day Plan'!B2:B40,6,'7-Day Plan'!H2:H40,"Done") | E18: =COUNTIFS('7-Day Plan'!B2:B40,6,'7-Day Plan'!H2:H40,"In Progress") | F18: =COUNTIFS('7-Day Plan'!B2:B40,6,'7-Day Plan'!H2:H40,"To Do")
A19: 7 | B19: Hardening, Deploy & Launch | C19: =COUNTIFS('7-Day Plan'!B2:B40,7) | D19: =COUNTIFS('7-Day Plan'!B2:B40,7,'7-Day Plan'!H2:H40,"Done") | E19: =COUNTIFS('7-Day Plan'!B2:B40,7,'7-Day Plan'!H2:H40,"In Progress") | F19: =COUNTIFS('7-Day Plan'!B2:B40,7,'7-Day Plan'!H2:H40,"To Do")
A22: Legend
A23: Done
A24: In Progress
A25: To Do
